id	length	tokens	group	pubYear	title	author	source	lat	lon	incipit	
1	38	7	Novelle	1910	Eine Nacht	Bernhard Abeken	https://www.deutschestextarchiv.de/book/view/andolt_nacht_1910?p=0007			Aber nun zu der Bowle eine Geschichte!
2	126	24	Novelle	1910	Irrwisch-Fritze	Adelheid Reinbold	https://www.deutschestextarchiv.de/book/view/berthold_irrwischfritze_1910?p=0011			Es war an einem schönen Junitage, das Gras lag in langen Reihen und begann unter dem Strahl der Sonne zu welken und zu duften.
3	305	48	Novelle	1891	Frauenliebe	Ilse Akunian	https://www.deutschestextarchiv.de/book/view/frapan_bittersuess_1891?p=0017			Es lag noch Schnee auf den ſchwerer zugänglichen Plätzen, in den Winkeln, welche die Sperrketten und Prellſteine vor den Seiten der Kirchen und der Muſeen bilden, aber der Schnee war ſtaubig und mürb, und auf den Sperrketten ſaßen die kleinen Mädchen und hatten beim Schaukeln die Winterjacken ausgezogen.
4	114	17	Novelle	1891	Monika	Ilse Akunian	https://www.deutschestextarchiv.de/book/view/frapan_bittersuess_1891?p=0163			Zweimal war er ſchon an dem ſtaatsmäßig hohen und großen Hauſe vorübergegangen und hatte ſich nicht hineingetraut.
5	97	16	Novelle	1895	Weiße Flamme	Ilse Akunian	https://www.deutschestextarchiv.de/book/view/frapan_fluegel_1895?p=0009			Und so hatte er denn mitten im Semester den Wirthsleuten das Zimmer kündigen und umziehen müssen.
6	27	4	Novelle	1895	Liebesmühen	Ilse Akunian	https://www.deutschestextarchiv.de/book/view/frapan_fluegel_1895?p=0087			["]Neun Uhr dreißig? [...]"
7	195	27	Novelle	1895	Der erste Blick hinter die Coulissen	Ilse Akunian	https://www.deutschestextarchiv.de/book/view/frapan_fluegel_1895?p=0209			Fräulein Adelheid Severin war sehr vergnügt aufgestanden und schon beim Waschen von ihrer Freundin Annita mit Glückwünschen und Küssen überfallen worden, obgleich ihre Nase gerade eingeseift war.
8	143	22	Novelle	1895	Die Schöpfung	Ilse Akunian	https://www.deutschestextarchiv.de/book/view/frapan_fluegel_1895?p=0283	48.78232	9.17702	Aus den Hinterthüren des Stuttgarter Hof-Theaters, die in den dichten Baumgang zum Park münden, traten die Schauspieler; die Probe war zu Ende.
9	64	10	Novelle	1910	Herr von Sacken	Willibald Alexis	https://www.deutschestextarchiv.de/book/view/alexis_sacken_1910?p=0007			Die Sarmaten feierten den Abgang ihres Seniors von der Akademie.
10	59	10	Novelle	1898	Fenitſchka	Lou Andreas-Salomé	https://www.deutschestextarchiv.de/book/view/andreas_fenitschka_1898?p=0011	48.85341	2.3488	Es war im September, der ſtillſten Zeit des Pariſer Lebens.
11	329	53	Novelle	1898	Eine Ausſchweifung	Lou Andreas-Salomé	https://www.deutschestextarchiv.de/book/view/andreas_fenitschka_1898?p=0105			Hier in meinem lichten Atelier iſt es endlich zur Ausſprache zwiſchen uns gekommen, und nirgends anders durfte es auch ſein, — denn von ſämtlichen Männern, die ich gekannt, gehörſt du am engſten und intimſten in alles das hinein, was mich als Künſtlerin angeht: mehr vielleicht noch, wie wenn du ſelbſt ausübender Künſtler wärſt.
12	418	58	Novelle	1818	Der tolle Invalide auf dem Fort Ratonneau	Achim von Arnim	https://www.deutschestextarchiv.de/book/view/arnima_invalide_1818?p=0007	43.29695	5.38107	Graf Dürande, der gute alte Kommandant von Marſeille, ſaß einſam frierend an einem kalt ſtürmenden Oktoberabende bei dem ſchlecht eingerichteten Kamine ſeiner prachtvollen Kommandantenwohnung und rückte immer näher und näher zum Feuer, während die Kutſchen zu einem großen Balle in der Straße vorüber rollten, und ſein Kammerdiener Baſſet, der zugleich ſein liebſter Geſellſchafter war, im Vorzimmer heftig ſchnarchte.
13	273	35	Novelle	1910	Die Geschichte des Diethelm von Buchenberg	Berthold Auerbach	https://www.deutschestextarchiv.de/book/view/auerbach_diethelm_1910?p=0007			In dem freundlichen Städtchen G. war lebhaftes Marktgewühl, und mitten durch das auf und abwogende Menschengedränge bewegte sich, von zwei fetten, tief eingekreuzten Rappen gezogen, ein Bernerwägelein, auf dessen niedergelassener Halbkutsche ein breitschulteriger Mann saß.
14	393	63	Novelle	1838	Geſchichte vom braven Kasperl und dem ſchönen Annerl	Clemens Brentano	https://www.deutschestextarchiv.de/book/view/brentano_kasperl_1838?p=0015			Es war Sommers-Frühe, die Nachtigallen ſangen erſt ſeit einigen Tagen durch die Straßen, und verſtummten heut in einer kühlen Nacht, welche von fernen Gewittern zu uns herwehte; der Nachtwächter rief die elfte Stunde an, da ſah ich, nach Hauſe gehend, vor der Thür eines großen Gebäudes einen Trupp von allerlei Geſellen, die vom Biere kamen, um Jemand, der auf den Thürſtufen ſaß, verſammelt.
15	171	25	Novelle	1846	Armuth und Verbrechen	Ernst Dronke	https://www.deutschestextarchiv.de/book/view/dronke_polizeigeschichten_1846?p=0017			In dem Kriminalgefaͤngniß zu B. erhaͤngte ſich vor einiger Zeit ein Gefangner, der nach den Ausſagen des Arztes und des Gefaͤngniß-Inſpektors an Schwermuth gelitten hatte.
16	41	7	Novelle	1846	Polizeiliche Eheſcheidung	Ernst Dronke	https://www.deutschestextarchiv.de/book/view/dronke_polizeigeschichten_1846?p=0063			„Wie ich Euch ſage, Frau Gevatterin! […]“
17	31	6	Novelle	1846	Die Sünderin	Ernst Dronke	https://www.deutschestextarchiv.de/book/view/dronke_polizeigeschichten_1846?p=0083			Sie war noch immer ſehr ſchoͤn.
18	72	11	Novelle	1846	Die Rechtsfrage	Ernst Dronke	https://www.deutschestextarchiv.de/book/view/dronke_polizeigeschichten_1846?p=0111			„Das iſt ja eine empoͤrende Nichtswuͤrdigkeit!“ rief die Dame vom Hauſe.
19	75	11	Novelle	1846	Die vorgeſetzte Dienſtbehörde	Ernst Dronke	https://www.deutschestextarchiv.de/book/view/dronke_polizeigeschichten_1846?p=0133			In dem Salon war wieder der gewoͤhnliche Kreis von Hausfreunden verſammelt.
20	295	47	Novelle	1846	Vom heimathloſen Vaterland	Ernst Dronke	https://www.deutschestextarchiv.de/book/view/dronke_polizeigeschichten_1846?p=0157	52.80998	9.13803	Johann Heinrich Ludwig Hanemann wurde im Jahre 1803 in Hoya geboren, ſiedelte in einem Alter von 5 Jahren nach dem hannoͤverſchen Staͤdtchen Wunſtorf im Amt Blumenau, wo er bis zu ſeiner Konfirmation verblieb, und begab ſich dann, als er das Baͤckergeſchaͤft erlernt, im Jahre 1819 nach Hamburg.
21	207	28	Novelle	1846	Das Unvermeidliche	Ernst Dronke	https://www.deutschestextarchiv.de/book/view/dronke_polizeigeschichten_1846?p=0169			„Nein, da magſt Du Einwuͤrfe und Entſchuldigungen vorſuchen, ſo viele Du willſt,“ ſagte Arthur zu ſeinem Kommilitonen und Stubenkameraden Eduard, „das laͤßt ſich weder rechtfertigen, noch entſchuldigen. […]“
22	62	12	Novelle	1910	Es ist nicht gut, daß der Mensch allein sei	Charles Edouard Duboc	https://www.deutschestextarchiv.de/book/view/waldmueller_allein_1910?p=0007	52.06605	10.68312	In den Krug von Hedeper kam er und zwar zu ungewohnter Stunde.
23	299	48	Novelle	1826	Aus dem Leben eines Taugenichts	Joseph von Eichendorff	https://www.deutschestextarchiv.de/book/view/eichendorff_taugenichts_1826?p=0013			Das Rad an meines Vaters Muͤhle braußte und rauſchte ſchon wieder recht luſtig, der Schnee troͤpfelte emſig vom Dache, die Sperlinge zwitſcherten und tummelten ſich dazwiſchen; ich ſaß auf der Thuͤrſchwelle und wiſchte mir den Schlaf aus den Augen, mir war ſo recht wohl in dem warmen Sonnenſcheine.
24	400	61	Novelle	1826	Das Marmorbild	Joseph von Eichendorff	https://www.deutschestextarchiv.de/book/view/eichendorff_taugenichts_1826?p=0147	43.84369	10.50447	Es war ein ſchoͤner Sommerabend, als Florio, ein junger Edelmann, langſam auf die Thore von Lucca zuritt, ſich erfreuend an dem feinen Dufte, der uͤber der wunderſchoͤnen Landſchaft und den Thuͤrmen und Daͤchern der Stadt vor ihm zitterte, ſo wie an den bunten Zuͤgen zierlicher Damen und Herren, welche ſich zu beiden Seiten der Straße unter den hohen Kaſtanien-Alleen froͤhlichſchwaͤrmend ergingen.
25	324	47	Novelle	1910	Das erfüllte Versprechen	Jacob Frey	https://www.deutschestextarchiv.de/book/view/frey_versprechen_1910?p=0007	46.94804	7.45961	An einem Frühlingsmittage des Jahres 1749 machte sich unter einem Theil der regelmäßigen Morgenbesucher des Bärengrabens in Bern, der zu jener Zeit am Ausgange der Schauplatzgasse lag und sich damals noch einer größeren Anzahl ständiger Stammgäste zu erfreuen hatte, als heut zu Tage, eine ungewöhnliche Bewegung bemerklich.
26	85	12	Novelle	1910	Auf Wiedersehen!	Leo Goldammer	https://www.deutschestextarchiv.de/book/view/goldammer_wiedersehen_1910?p=0007			In Polen war's, in einem kleinen Städchen, drei Viertheile Juden die Einwohnerschaft.
27	151	26	Novelle	1910	Eine Hochzeitsnacht	Leo Goldammer	https://www.deutschestextarchiv.de/book/view/goldammer_hochzeitsnacht_1910?p=0008			Es war 18** und December und 24 Grad Kälte, Mondschein und Hochzeit, und zwar im Dorfe Ober-Eyseln, da oben in Lithauen, hart an der russischen Grenze.
28	208	35	Novelle	1842	Bilder und Sagen aus der Schweiz	Jeremias Gotthelf	https://www.deutschestextarchiv.de/book/view/gotthelf_sagen_1842?p=13			Ueber die Berge hob ſich die Sonne, leuchtete in klarer Majeſtät in ein freundliches aber enges Thal und weckte zu fröhlichem Leben die Geſchöpfe, die geſchaffen ſind an der Sonne ihres Lebens ſich zu freuen.
29	208	35	Novelle	1842	Die ſchwarze Spinne	Jeremias Gotthelf	https://www.deutschestextarchiv.de/book/view/gotthelf_sagen_1842?p=0013			Ueber die Berge hob ſich die Sonne, leuchtete in klarer Majeſtät in ein freundliches aber enges Thal und weckte zu fröhlichem Leben die Geſchöpfe, die geſchaffen ſind an der Sonne ihres Lebens ſich zu freuen.
30	47	8	Novelle	1842	Das gelbe Vögelein und das arme Margrithli	Jeremias Gotthelf	https://www.deutschestextarchiv.de/book/view/gotthelf_sagen_1842?p=0147			In einem kleinen Stübchen begann es zu dunkeln.
31	519	77	Novelle	1910	Das Kind	Herman Grimm	https://www.deutschestextarchiv.de/book/view/grimm_kind_1910?p=0007			Auf einem im nördlichen Deutschland gelegenen Gute lebte Herr von —, ein angesehener Landwirth, mit seinen beiden Töchtern, von denen die ältere, etwa zwanzig Jahre zählend, so ziemlich für sein Ebenbild galt; denn sie glich ihm in den Gesichtszügen, war mehr ruhig, praktisch und verständig, während ihre jüngere Schwester, lebhaft, neckisch, unruhig und ein wenig extrem in ihren kleinen Neigungen, die Welt so recht aufforderte, den zwischen den beiden Mädchen bestehenden Unterschied zu bemerken und zu beurtheilen.
32	182	30	Novelle	1910	Vetter Isidor	Julius Grosse	https://www.deutschestextarchiv.de/book/view/grosse_isidor_1910?p=0007			Die Sonne scheint hell herab auf den Strom am Wald, auf den Fahrweg und die Brücke, unter welcher die Enten des Dorfes, oder vielmehr der Vorstadt, an jedem Morgen hindurchschwimmen.
33	335	52	Novelle	1910	Die erste Nacht. 1844	Friedrich Wilhelm Hackländer	https://www.deutschestextarchiv.de/book/view/hacklaender_naechte_1910?p=0007	45.46427	9.18951	In dem Hotel Reichmann zu Mailand unter den geöffneten Thüren des Speisesaals, welche in den kleinen, zierlichen Garten hinausführen, saß eine Gesellschaft junger Offiziere — es waren ihrer sechs — gerade die Zahl, welche für ein kleines, feines Diner die richtige ist, und hatten dies angenehme und wichtige Geschäft so eben beendigt.
34	144	23	Novelle	1827	Phantasien im Bremer Rathskeller	Wilhelm Hauff	https://www.deutschestextarchiv.de/book/view/hauff_phantasien_1827?p=0013	53.07582	8.80717	„Mit dem Menſchen iſt nicht auszukommen,“ ſagten ſie, als ſie in meinem Gaſthof die Treppe hinabſtiegen, und ich konnte es noch deutlich hoͤren.
35	35	5	Novelle	1918	Die Orgelpfeifen	Elisabeth von Heyking	https://www.deutschestextarchiv.de/book/view/heyking_erzaehlungen_1918?p=0009			Ende Juli war Großmamas Geburtstag.
36	118	17	Novelle	1918	Aus dem Land der Ostseeritter	Elisabeth von Heyking	https://www.deutschestextarchiv.de/book/view/heyking_erzaehlungen_1918?p=0075			In Livland, auf ihrer Eltern Gut, Burkahnen, ward Komteßchen Dorothee, wie der Grafenkalender kündet, um 1820 geboren.
37	276	38	Novelle	1910	Der Weinhüter von Meran	Paul Heyse	https://www.deutschestextarchiv.de/book/view/heyse_weinhueter_1910?p=0006	46.66817	11.15953	Im September eines Jahres, dessen Stadt- und Dorfgeschichten aus Menschengedenken schon entschwunden sind, saß um die schwüle Mittagszeit ein junger Bursch mitten in dem wuchernden Rebenwald, der, dicht an die Stadt Meran herantretend, die Südabhänge des Küchelberges bedeckt.
38	167	26	Novelle	1855	Die Blinden	Paul Heyse	https://www.deutschestextarchiv.de/book/view/heyse_novellen_1855?p=0015			Am offnen Fenſter, das auf den kleinen Blumengarten hinausging, ſtand die blinde Tochter des Dorfküſters und erquickte ſich am Winde, der über ihr heißes Geſicht flog.
39	143	24	Novelle	1855	Marion	Paul Heyse	https://www.deutschestextarchiv.de/book/view/heyse_novellen_1855?p=0083	50.2930	2.7818	Zur Zeit als der heilige Ludwig in Frankreich die Krone trug, war die gute alte Stadt Arras gerade um ſechshundert Jahre jünger als heutzutage.
40	37	6	Novelle	1855	La Rabbiata	Paul Heyse	https://www.deutschestextarchiv.de/book/view/heyse_novellen_1855?p=0103			Die Sonne war noch nicht aufgegangen.
41	22	5	Novelle	1855	Am Tiberufer	Paul Heyse	https://www.deutschestextarchiv.de/book/view/heyse_novellen_1855?p=0139	41.89100	12.47533	Es war tief im Januar.
42	76	14	Novelle	1817	Der Sandmann	E. T. A. Hoffmann	https://www.deutschestextarchiv.de/book/view/hoffmann_nachtstuecke01_1817?p=0009			Gewiß ſeid ihr alle voll Unruhe, daß ich ſo lange — lange nicht geſchrieben.
43	137	20	Novelle	1817	Ignaz Denner	E. T. A. Hoffmann	https://www.deutschestextarchiv.de/book/view/hoffmann_nachtstuecke01_1817?p=0091	50.55162	9.67518	Vor alter laͤngſt verfloßner Zeit lebte in einem wilden einſamen Forſt des Fuldaiſchen Gebiets ein wackrer Jaͤgersmann, Andres mit Namen.
44	219	32	Novelle	1817	Die Jeſuiterkirche in G	E. T. A. Hoffmann	https://www.deutschestextarchiv.de/book/view/hoffmann_nachtstuecke01_1817?p=0220			In eine elende Poſtchaiſe gepackt, die die Motten, wie die Ratten Prospero's Fahrzeug, aus Inſtinkt verlaſſen hatten, hielt ich endlich, nach halsbrechender Fahrt, halbgeraͤdert, vor dem Wirthshauſe auf dem Markte in G.
45	43	6	Novelle	1817	Das Sanctus	E. T. A. Hoffmann	https://www.deutschestextarchiv.de/book/view/hoffmann_nachtstuecke01_1817?p=0287			Der Doktor ſchuͤttelte bedenklich den Kopf.
46	162	25	Novelle	1817	Das oͤde Haus	E. T. A. Hoffmann	https://www.deutschestextarchiv.de/book/view/hoffmann_nachtstuecke02_1817?p=0009			— Man war daruͤber einig, daß die wirklichen Erſcheinungen im Leben oft viel wunderbarer ſich geſtalteten, als alles, was die regſte Fantaſie zu erfinden trachte.
47	109	15	Novelle	1817	Das Majorat	E. T. A. Hoffmann	https://www.deutschestextarchiv.de/book/view/hoffmann_nachtstuecke02_1817?p=0083	58.49	19.95	Dem Geſtade der Oſtſee unfern liegt das Stammſchloß der Freiherrlich von R..ſchen Familie, R..ſitten genannt.
48	308	41	Novelle	1817	Das Geluͤbde	E. T. A. Hoffmann	https://www.deutschestextarchiv.de/book/view/hoffmann_nachtstuecke02_1817?p=0262			Am Michaelistage, eben als bei den Carmelitern die Abendhora eingelaͤutet wurde, fuhr ein mit vier Poſtpferden beſpannter ſtattlicher Reiſewagen, donnernd und raſſelnd durch die Gaſſen des kleinen polniſchen Graͤnzſtaͤdtchens L., und hielt endlich ſtill vor der Hausthuͤr des alten teutſchen Buͤrgermeiſters.
49	290	42	Novelle	1817	Das ſteinerne Herz	E. T. A. Hoffmann	https://www.deutschestextarchiv.de/book/view/hoffmann_nachtstuecke02_1817?p=0331			Jedem Reiſenden, der bei guter Tageszeit ſich dem Staͤdtchen G. von der ſuͤdlichen Seite bis auf eine halbe Stunde Weges genaͤhert, faͤllt der Landſtraße rechts ein ſtattliches Landhaus in die Augen, welches mit ſeinen wunderlichen bunten Zinnen aus finſterm Gebuͤſch blickend, emporſteigt.
50	182	29	Novelle	1871	Das Fräulein von Scuderi	E.T.A. Hoffmann	https://www.deutschestextarchiv.de/book/view/hoffmann_scuderi_1910?p=0011			In der Straße St. Honoré war das kleine Haus gelegen, welches Magdalene von Scudery, bekannt durch ihre anmuthigen Verse, durch die Gunst Ludwig des XIV. und der Maintenon, bewohnte.
51	322	52	Novelle	1910	Der Säugling	Heinrich Homberger	https://www.deutschestextarchiv.de/book/view/horner_saeugling_1910?p=0007	43.77925	11.24626	Auf dem Platze vor der Porta di San Niccolò stand an einem Herbstabend kurz nach Sonnenuntergang ein Mädchen und warf ungeduldige Blicke durch das Thor hinein in das enge Borgo, das, selbst am hellen Tage eine der düstersten Gassen von Florenz, jetzt in der Dämmerung einem Sacke mit schwarzem unergründlichem Boden glich.
52	200	32	Novelle	1910	Der Carneval und die Somnambüle	Karl Immermann	https://www.deutschestextarchiv.de/book/view/immermann_carneval_1910?p=0009	43.07554	-79.07298	Ich bin von jeher ein großer Liebhaber alles Merkwürdigen gewesen, und wenn es mir nach meinen Wünschen im Leben gegangen wäre, so hätte ich die ägyptischen Pyramiden und den Niagarafall sehen müssen.
53	37	7	Novelle	1910	Die drei Schwestern	Ludwig August Kähler	https://www.deutschestextarchiv.de/book/view/kaehler_schwestern_1910?p=0006			Ich ritt von Sir Drunkner nach Hause.
54	454	64	Novelle	1882	Das Sinngedicht	Gottfried Keller	https://www.deutschestextarchiv.de/book/view/keller_sinngedicht_1882?p=0013			Vor etwa fünfundzwanzig Jahren, als die Naturwiſſenſchaften eben wieder auf einem höchſten Gipfel ſtanden, obgleich das Geſetz der natürlichen Zuchtwahl noch nicht bekannt war, öffnete Herr Reinhart eines Tages ſeine Fenſterläden und ließ den Morgenglanz, der hinter den Bergen hervorkam, in ſein Arbeitsgemach, und mit dem Frühgolde wehte eine friſche Sommermorgenluft daher und bewegte kräftig die ſchweren Vorhänge und die ſchattigen Haare des Mannes.
55	171	28	Novelle	1856	Die Leute von Seldwyla	Gottfried Keller	https://www.deutschestextarchiv.de/book/view/keller_seldwyla_1856?p=0013			Seldwyla bedeutet nach der älteren Sprache einen wonnigen und ſonnigen Ort, und ſo iſt auch in der That das kleine Städtchen dieſes Namens gelegen irgendwo in der Schweiz.
56	150	23	Novelle	1856	Pankraz, der Schmoller	Gottfried Keller	https://www.deutschestextarchiv.de/book/view/keller_seldwyla_1856?p=0021			Auf einem ſtillen Seitenplätzchen, nahe an der Stadtmauer, lebte die Wittwe eines Seldwylers, der ſchon lange fertig geworden und unter dem Boden war.
57	181	26	Novelle	1856	Frau Regel Amrain und ihr Jüngſter	Gottfried Keller	https://www.deutschestextarchiv.de/book/view/keller_seldwyla_1856?p=0125			Regula Amrain war die Frau eines abweſenden Seldwylers; dieſer hatte einen großen Steinbruch hinter dem Städtchen beſeſſen und ſeine Zeitlang ausgebeutet und zwar auf Seldwyler Art.
58	239	36	Novelle	1856	Romeo und Julia auf dem Dorfe	Gottfried Keller	https://www.deutschestextarchiv.de/book/view/keller_seldwyla_1856?p=0221			Auch dieſe Geſchichte zu erzählen, würde eine müſſige Erfindung ſein, wenn ſie nicht auf einem wahren Vorfall beruhte, zum Beweiſe, wie tief im Menſchenleben jede der ſchönen Fabeln wurzelt, auf welche ein großes Dichterwerk gegründet iſt.
59	285	46	Novelle	1856	Die drei gerechten Kammmacher	Gottfried Keller	https://www.deutschestextarchiv.de/book/view/keller_seldwyla_1856?p=0372			Die Leute von Seldwyla haben bewieſen, daß eine ganze Stadt von Ungerechten oder Leichtſinnigen zur Noth fortbeſtehen kann im Wechſel der Zeiten und des Verkehrs; die drei Kammmacher aber, daß nicht drei Gerechte lang unter einem Dache leben können, ohne ſich in die Haare zu gerathen.
60	146	24	Novelle	1856	Spiegel, das Kätzchen	Gottfried Keller	https://www.deutschestextarchiv.de/book/view/keller_seldwyla_1856?p=0459			Wenn ein Seldwyler einen ſchlechten Handel gemacht hat oder angeführt worden iſt, ſo ſagt man zu Seldwyla: Er hat der Katze den Schmeer abgekauft!
61	213	34	Novelle	1872	Eugenia	Gottfried Keller	https://www.deutschestextarchiv.de/book/view/keller_legenden_1872?p=0017			Wenn die Frauen den Ehrgeiz der Schönheit, Anmuth und Weiblichkeit hintanſetzen, um ſich in andern Dingen hervor zu thun, ſo endet die Sache oftmals damit, daß ſie ſich in Männerkleider werfen und ſo dahintrollen.
62	192	32	Novelle	1872	Die Jungfrau und der Teufel	Gottfried Keller	https://www.deutschestextarchiv.de/book/view/keller_legenden_1872?p=0045			Es war ein Graf Gebizo, der beſaß eine wunderſchöne Frau, eine prächtige Burg ſammt Stadt und ſo viele anſehnliche Güter, daß er für einen der reichſten und glücklichſten Herren im Lande galt.
63	212	31	Novelle	1872	Die Jungfrau als Ritter	Gottfried Keller	https://www.deutschestextarchiv.de/book/view/keller_legenden_1872?p=0061			Gebizo hatte zu ſeinen früheren Beſitzungen noch ſo viele neue erworben, daß Bertrade über eine bedeutende Grafſchaft gebot und ſowohl ihres Reichthums als ihrer Schönheit wegen im deutſchen Reiche berühmt wurde.
64	90	15	Novelle	1872	Die Jungfrau und die Nonne	Gottfried Keller	https://www.deutschestextarchiv.de/book/view/keller_legenden_1872?p=0083			Ein Kloſter lag weit ausſchauend auf einem Berge und ſeine Mauern glänzten über die Lande.
65	246	35	Novelle	1872	Der ſchlimm-heilige Vitalis	Gottfried Keller	https://www.deutschestextarchiv.de/book/view/keller_legenden_1872?p=0099	31.20176	29.91582	Zu Anfang des achten Jahrhunderts lebte zu Alexandria in Egypten ein wunderlicher Mönch, Namens Vitalis, der es ſich zur beſondern Aufgabe gemacht hatte, verlorene weibliche Seelen vom Pfade der Sünde hinwegzulocken und zur Tugend zurückzuführen.
66	143	21	Novelle	1872	Dorotheas Blumenkörbchen	Gottfried Keller	https://www.deutschestextarchiv.de/book/view/keller_legenden_1872?p=0137	41.72104	35.95102	Am ſüdlichen Ufer des Pontus euxinus, unweit der Mündung des Fluſſes Halys, lag im Lichte des hellſten Frühlingsmorgens ein römiſches Landhaus.
67	86	13	Novelle	1872	Das Tanzlegendchen	Gottfried Keller	https://www.deutschestextarchiv.de/book/view/keller_legenden_1872?p=0153			Nach der Aufzeichnung des heiligen Gregorius war Muſa die Tänzerin unter den Heiligen.
68	267	38	Novelle	1910	Margret	Gottfried Kinkel	https://www.deutschestextarchiv.de/book/view/kinkel_margret_1910?p=0007	50.43939	6.64373	Am oberen Schlusse des schönen Ahrthales, wo das Flüßchen dem Fuße eines stark ansteigenden Berges entspringt, liegt in die grüne Schlucht zurückgezogen das Städtchen Blankenheim, ein Schutz und Schirm der jetzt zertrümmerten Grasenburg, der es seinen Ursprung dankt.
69	96	16	Novelle	1910	Musikalische Orthodoxie	Johanna Kinkel	https://www.deutschestextarchiv.de/book/view/kinkel_orthodoxie_1910?p=0007			Besser lerne ich die F-Moll-Sonate doch nicht spielen, sagte Ida und stand müde vom Klavier auf.
70	82	13	Novelle	1910	Eine Verlorene	Leopold Kompert	https://www.deutschestextarchiv.de/book/view/kompert_verlorene_1910?p=0008			Wir treten mitten in die Heiligkeit eines eben zur Neige gehenden Dorfsabbats ein.
71	532	73	Novelle	1910	Der Träumer	August Kopisch	https://www.deutschestextarchiv.de/book/view/kopisch_traeumer_1910?p=0008	40.70211	14.48685	Von dem Strande, welcher nun Stabiä, die fast zweitausend Jahre in Aschenregen begrabene Stadt, lieblich überblüht, gelagert zwischen dem Golf von Neapel und dem von Salern, erhebt sich über den Spiegel des anmuthigen Meeres, erst mit sanfteren Hügeln, bald aber geschwungener und kühner, ein mächtiges, vielzackiges, oben dunkel bewaldetes Kalkgebirge, dessen fruchtbare, terrassirte Hänge der Bienenfleiß der Menschen überall reichlich mit Oel- und Weingärten und mit unzähligen zierlichen Ortschaften überbaut und geschmückt hat.
72	259	39	Novelle	1910	Ein Carnevalsfest auf Ischia	August Kopisch	https://www.deutschestextarchiv.de/book/view/kopisch_karnevalfest_1910?p=0007	40.72615	13.90353	Auf der glückseligen Insel Ischia, die mit allem Segen Gottes reichlich überschüttet ist, lebte zu einer Zeit ein vornehmer Mann, von den Leuten schlechthin Don Antonio genannt, welcher in seiner Lebensweise von den meisten seines Gleichen das Widerspiel war.
73	395	58	Novelle	1910	Nordische Freundschaft	Laurids Kruse	https://www.deutschestextarchiv.de/book/view/kruse_freundschaft_1910?p=0006			Es giebt Begegnisse in der Welt, die, obgleich ins Innere der Menschen tief eingreifend, doch in ihrer äußeren Erscheinung, so wie manche schöne oder schlechte That, nur eine so flüchtige Aufmerksamkeit erregen, daß sie kaum bemerkt in den Wellen der Zeit untergehen, wie erschütternd sie auch dem scharfen, aber schweigenden Beobachter sich darstellen; unter solche gehört folgende Begebenheit.
74	197	28	Novelle	1910	Die Incantada	Franz Kugler	https://www.deutschestextarchiv.de/book/view/kugler_incantada_1910?p=0008			Wer hätte in dem phantastischen Wandrer, der beim frühsten Morgen einsam und irr über die Hügel des alten Macedonerlandes hinstürmte, den ehrenwerthen brittischen Maler James Stuart erkennen mögen!
75	304	39	Novelle	1910	Der Drache	Ferdinand Kürnberger	https://www.deutschestextarchiv.de/book/view/kuernberger_drache_1910?p=0007	50.58000	12.99450	In die Schenke eines erzgebirgischen Dorfes auf sächsischer Seite trat eines Abends ein städtisch aussehender Herr, welcher, nachdem er Staubmantel und Strohhut abgelegt, in bürgerlich-einfacher, aber feiner und gewählter Sommerbekleidung dastand, etwa einen jungen Gelehrten aus der Residenz verrathend.
76	220	31	Novelle	1910	Die beiden Tubus	Hermann Kurz	https://www.deutschestextarchiv.de/book/view/kurz_tubus_1910?p=0011	48.16979	10.49005	Es war ein schöner, stiller Aprilmorgen, still wie er nur im Deutschland der zwanziger Jahre, in welches wir uns hiermit zurückversetzen, und in einem einsamen hochgelegenen schwäbischen Bergdörfchen gedacht werden kann.
77	185	26	Novelle	1910	Ein adeliges Fräulein	Heinrich Landesmann	https://www.deutschestextarchiv.de/book/view/lorm_fraeulein_1910?p=0007			Seit Jahren liebte ich es, zur Weihnachtszeit die große Stadt trotz ihrer verlockenden Bescherungen zu verlassen, um die landschaftliche Natur in ihrem tiefen Winterfrieden zu besuchen.
78	61	9	Novelle	1910	Die Tante	Fanny Lewald	https://www.deutschestextarchiv.de/book/view/lewald_tante_1910?p=0007			Tante Julie war die liebenswürdigste Frau in unserer Familie.
79	407	61	Novelle	1910	Die Entscheidung von Hochkirch	Friederike Lohmann	https://www.deutschestextarchiv.de/book/view/lohmann_hochkirch_1910?p=0007	51.05089	13.73832	Als zu Anfang des siebenjährigen Krieges die braven sächsischen Truppen im Lager bei Pirna entwaffnet wurden, die Soldaten gezwungen in die Reihen ihrer Feinde traten, die Offiziere aber ihr Ehrenwort geben mußten, nicht gegen Friedrich zu dienen, kehrte der Hauptmann von Pistor nach Dresden zurück, das er voll trüber Ahnung verlassen hatte, um in jenem Feldlager ein entmuthigendes Schicksal zu erwarten.
80	202	33	Novelle	1910	Der Müller vom Höft	Alfred Meißner	https://www.deutschestextarchiv.de/book/view/meissner_hoeft_1910?p=0006			Der Küster stand im Thurme und zog mit aller Macht die Glocke, daß ihr schwerer Schall weit hinaustönte in das Land, das in seinem ersten Frühlingskleide wellenförmig bis an das Meer hingebreitet dalag.
81	219	36	Novelle	1882	Die Prinzessin von Portugal	Alfred Meißner	https://www.deutschestextarchiv.de/book/view/meissner_prinzessin_1882?p=0009	47.16848	9.46201	Am linken Ufer des oberen Rheines, am Fuße des Kamor und der Calanda, stand zu Beginn des zwölften Jahrhunderts und steht noch heute fest und massig, in unzerstörbarer Wucht erhalten, die Burg der Grafen von Werdenberg.
82	146	22	Novelle	1910	Der Sieg des Schwachen	Melchior Meyr	https://www.deutschestextarchiv.de/book/view/meyr_schwachen_1910?p=0007			Unter den Handwerkern ist der Schneider von Alters her eine humoristische Figur gewesen; die Thatsache ist unleugbar und nicht schwer zu erklären.
83	138	23	Novelle	1910	Mozart auf der Reise nach Prag	Eduard Mörike	https://www.deutschestextarchiv.de/book/view/moerike_mozart_1910?p=0008	50.08804	14.42076	Im Herbst des Jahres 1787 unternahm Mozart in Begleitung seiner Frau eine Reise nach Prag, um Don Juan daselbst zur Aufführung zu bringen.
84	429	65	Novelle	1910	Am Malanger Fjord	Theodor Mügge	https://www.deutschestextarchiv.de/book/view/muegge_fjord_1910?p=0007	71.18542	25.67629	Es mögen jetzt wohl mehr als zwanzig Jahre vorüber gegangen sein, als ein großes Boot von sechs Rudern, mit einer Halbkajüte versehen, an der Küste des Norwegischen Hochlandes hinfuhr, das jenseits des großen Westfjord und des Polarkreises, bis nach dem Nordcap hinauf, ein wildes Labyrinth von Felsen, Inseln, Inselbrocken und zahllosen Sunden und Meeresarmen darstellt, welche tief in den Schooß der Gebirge und Klüfte dringen.
85	296	45	Novelle	1910	Debora	Wilhelm Müller	https://www.deutschestextarchiv.de/book/view/mueller_debora_1910?p=0007			Das Zimmer fing an dunkel zu werden, und Arthur nahm vor dem Spiegel den Widerschein einer Laterne, welche seinem Fenster gerade gegenüber unter den Linden brannte, zu Hülfe, um seine Abendtoilette mit dem Einstecken einer goldenen Nadel in den englischen Knoten seines Halstuches zu beschließen.
86	81	12	Novelle	1910	Der Flüchtling	Adolf Pichler	https://www.deutschestextarchiv.de/book/view/pichler_fluechtling_1910?p=0007	47.51483	11.73859	Hinter dem Hause Scholastika's erhebt sich ein steiler, waldiger Berg, der Unutz.
87	244	33	Novelle	1819	Der Vampyr, eine Erzählung von Lord Byron	John Polidori	https://www.deutschestextarchiv.de/book/view/polidori_vampyr_1819?p=0015	51.50853	-0.12574	Es ereignete sich, daß mitten unter den Zerstreuungen eines Winters zu London, in den verschiedenen Gesellschaften der tonangebenden Vornehmen ein Edelmann erschien, der sich mehr durch seine Sonderbarkeiten, als durch seinen Rang auszeichnete.
88	310	42	Novelle	1910	Das letzte Recht	Wilhelm Raabe	https://www.deutschestextarchiv.de/book/view/raabe_recht_1910?p=0007			Als das heilige römische Reich noch aufrecht stand, zu Anfang des vorigen Jahrhunderts, waren, wie der geschichtskundige großgünstige Leser weiß, im Südwesten des armen, blutenden, knochenkranken Deutschlands die freien Städte so häufig wie die Pilze, und die unmittelbare Reichsritterschaft war noch häufiger.
89	77	11	Novelle	1910	Jörg Muckenbuber	Wilhelm Heinrich Riehl	https://www.deutschestextarchiv.de/book/view/riehl_muckenhuber_1910?p=0007	48.85122	10.48868	Im Jahre 1594 hatte der Stadtschreiber von Nördlingen einen seltsamen Besuch.
90	162	21	Novelle	1910	Die Schlangenkönigin	Otto Roquette	https://www.deutschestextarchiv.de/book/view/roquette_schlangenkoenigin_1910?p=0007			Alljährlich um die Sommerzeit tauchen Erinnerungen in mir auf, Jugenderinnerungen, schön und trübe zugleich, die mich mit unwiderstehlicher Macht gefangen nehmen.
91	204	33	Novelle	1910	Der letzte Savello	Karl Friedrich Rumohr	https://www.deutschestextarchiv.de/book/view/rumohr_savello_1910?p=0010	41.89193	12.51133	Margaretha, die begünstigte Tochter des fünften Karl, war durch den jüngeren Farnese, ihren zweiten Gemahl, nun auch die Nichte Paul des Dritten, pflegte daher einen Theil des Jahres in Rom Hof zu halten.
92	175	25	Novelle	1877	Marianne	Ferdinand von Saar	https://www.deutschestextarchiv.de/book/view/saar_novellen_1877?p=0095			Die folgenden Mittheilungen rühren von einem Poeten her, welcher ſeinerzeit Einiges von ſich reden gemacht, nunmehr aber, wie ſo mancher Andere, verſchollen und vergeſſen iſt.
93	210	27	Novelle	1877	Die Steinklopfer	Ferdinand von Saar	https://www.deutschestextarchiv.de/book/view/saar_novellen_1877?p=0143	47.63336	15.81672	Eine der merkwürdigſten Eiſenbahnbauten iſt der Schienenweg über den Semmering, einen Theil der noriſchen Alpen, welcher die Grenzſcheide zwiſchen dem Erzherzogthum Oeſterreich und der grünen Steiermark bildet.
94	37	6	Novelle	1877	Die Geigerin	Ferdinand von Saar	https://www.deutschestextarchiv.de/book/view/saar_novellen_1877?p=0203			Ich bin ein Freund der Vergangenheit.
95	190	30	Novelle	1877	Das Haus Reichegg	Ferdinand von Saar	https://www.deutschestextarchiv.de/book/view/saar_novellen_1877?p=0263			Es war um die Mitte der Fünfziger-Jahre, im Hochſommer, als ich, damals noch in Militärdienſten ſtehend, mit einer Abtheilung meines Regimentes in dem mähriſchen Städtchen K . . . einrückte.
96	91	15	Novelle	1910	Der goldene Elephant von Rothschild	Leopold Schefer	https://www.deutschestextarchiv.de/book/view/schefer_duevecke_1910?p=0007	60.39299	5.32415	Am Ufer und auf der Rhede von Bergen in Norwegen wurde die seltsamste Doppelscene gespielt.
97	181	27	Novelle	1910	Der Gebirgspfarrer	Alexander Julius Schindler	https://www.deutschestextarchiv.de/book/view/traun_gebirgspfarrer_1910?p=0007	47.87591	14.22075	Vor fünfzig Jahren sah man im Steierthal schon zu Anfang October Wildgänse fliegen, und ihr sonores Geschrei ertönte über den Buchenwäldern, deren Laub ungemein früh abgefallen war.
98	108	15	Novelle	1910	Mohrenfranzl	Hermann Schmid	https://www.deutschestextarchiv.de/book/view/schmid_mohrenfranzl_1910?p=0007	47.63236	13.00187	Der Herbst war ungewöhnlich früh gekommen und hatte mich in den Gebirgsgegenden um Berchtesgaden überrascht.
99	52	7	Novelle	1924	Fräulein Else	Arthur Schnitzler	https://www.deutschestextarchiv.de/book/view/schnitzler_else_1924?p=0005			„Du willst wirklich nicht mehr weiterspielen, Else?“
100	132	19	Novelle	1926	Traumnovelle	Arthur Schnitzler	https://www.deutschestextarchiv.de/book/view/schnitzler_traumnovelle_1926?p=0005			„Vierundzwanzig braune Sklaven ruderten die prächtige Galeere, die den Prinzen Amgiad zu dem Palast des Kalifen bringen sollte. […]“
101	113	19	Novelle	1910	Samuel Brinks letzte Liebesgeschichte	Joseph Schreyvogel	https://www.deutschestextarchiv.de/book/view/schreyvogel_liebesgeschichte_1910?p=0007			Die Achse hält den Weg noch zweimal aus, schrie Paul, macht nur den Riemen geschwind zurecht, daß wir fortkommen!
102	105	17	Novelle	1910	Die Schwester	Levin Schücking	https://www.deutschestextarchiv.de/book/view/schuecking_schwester_1910?p=0006			In einer Schlucht mitten im tiefsten Waldgebirge stand ein junger Mann, an den Stamm einer Eiche gelehnt.
103	109	20	Novelle	1910	Die Engel-Ehe	Karl Spindler	https://www.deutschestextarchiv.de/book/view/spindler_engel_1910?p=0006	47.13333	10.16667	Wo der Arlberg steil niedergeht ins Land an der Iller, am Rhein und am Bodensee, liegt der kleine Ort Stuben.
104	88	13	Novelle	1877	Das Herrenrecht	Daniel Spitzer	https://www.deutschestextarchiv.de/book/view/spitzer_herrenrecht_1877?p=0003			Erschrick nicht, lieber Paul, wenn du diesen Brief öffnest und meine Unterschrift liest.
105	163	27	Novelle	1910	Brigitta	Adalbert Stifter	https://www.deutschestextarchiv.de/book/view/stifter_brigitta_1910?p=0009			Es gibt oft Dinge und Beziehungen in dem menschlichen Leben, die uns nicht sogleich klar sind und deren Grund wir nicht in Schnelligkeit hervor zu ziehen vermögen.
106	169	25	Novelle	1853	Granit	Adalbert Stifter	https://www.deutschestextarchiv.de/book/view/stifter_steine01_1853?p=0032			Vor meinem väterlichen Geburtshauſe dicht neben der Eingangsthür in dasſelbe liegt ein großer achtekiger Stein von der Geſtalt eines ſehr in die Länge gezogenen Würfels.
107	157	25	Novelle	1853	Kalkſtein	Adalbert Stifter	https://www.deutschestextarchiv.de/book/view/stifter_steine01_1853?p=0096			Ich erzähle hier eine Geſchichte, die uns einmal ein Freund erzählt hat, in der nichts Ungewöhnliches vorkömmt, und die ich doch nicht habe vergeſſen können.
108	66	12	Novelle	1853	Turmalin	Adalbert Stifter	https://www.deutschestextarchiv.de/book/view/stifter_steine01_1853?p=0210			Der Turmalin iſt dunkel, und was da erzählt wird, iſt ſehr dunkel.
109	67	9	Novelle	1853	Bergkriſtall	Adalbert Stifter	https://www.deutschestextarchiv.de/book/view/stifter_steine02_1853?p=0014			Unſere Kirche feiert verſchiedene Feſte, welche zum Herzen dringen.
110	91	13	Novelle	1853	Kazenſilber	Adalbert Stifter	https://www.deutschestextarchiv.de/book/view/stifter_steine02_1853?p=0106			In einem abgelegenen aber ſehr ſchönen Theile unſers Vaterlandes ſteht ein ſtattlicher Hof.
111	214	35	Novelle	1853	Bergmilch	Adalbert Stifter	https://www.deutschestextarchiv.de/book/view/stifter_steine02_1853?p=0224			In unſerem Vaterlande ſteht ein Schloß, wie man in manchen Gegenden ſehr viele findet, das mit einem breiten Waſſergraben umgeben iſt, ſo zwar, daß es eigentlich ausſieht, als ſtünde es auf der Inſel eines Teiches.
112	192	30	Novelle	1887	Bötjer Basch	Theodor Storm	https://www.deutschestextarchiv.de/book/view/storm_basch_1887?p=0005			Es ist kein Kunstwerk, nur eine Erinnerung, zu deren Niederschrift ich heute meine Feder ansetze; wenn Gedächtniß und Phantasie mir getreu bleiben wollen, so mag es immerhin dessen werth sein.
113	395	56	Novelle	1888	Der Schimmelreiter	Theodor Storm	https://www.deutschestextarchiv.de/book/view/storm_schimmelreiter_1888?p=0013			Was ich zu berichten beabſichtige, iſt mir vor reichlich einem halben Jahrhundert im Hauſe meiner Urgroßmutter, der alten Frau Senator Fedderſen, kund geworden, während ich, an ihrem Lehnſtuhl ſitzend, mich mit dem Leſen eines in blaue Pappe eingebundenen Zeitſchriftenheftes beſchäftigte; ich vermag mich nicht mehr zu entſinnen, ob von den „Leipziger“ oder von „Pappes Hamburger Leſefrüchten“.
114	365	58	Novelle	1887	Ein Doppelgänger	Theodor Storm	https://www.deutschestextarchiv.de/book/view/storm_doppelgaenger_1887?p=0007			Vor einigen Jahren im Hochsommer war es und alle Tage echtes Sonnenwetter; ich hatte mich in Jena, wie einst Dr. Martinus, in der alten Gastwirthschaft zum Bären einquartiert, hatte mit dem Wirth schon mehr als einmal über Land und Leute geredet und mich mit Namen, Stand und Wohnort, welcher derzeit zugleich mein Geburtsort war, in das Fremdenbuch eingeschrieben.
115	75	10	Novelle	1910	Eine Malerarbeit	Theodor Storm	https://www.deutschestextarchiv.de/book/view/storm_malerarbeit_1910?p=0010			Wir saßen am Kamin, Männer und Frauen, eine behagliche Plaudergesellschaft.
116	92	12	Novelle	1852	Immensee	Theodor Storm	https://www.deutschestextarchiv.de/book/view/storm_immensee_1852?p=0011	47.09646	8.46357	An einem Spätherbſtnachmittage ging ein alter wohlgekleideter Mann langſam die Straße hinab.
117	240	35	Novelle	1885	John Riew’	Theodor Storm	https://www.deutschestextarchiv.de/book/view/storm_riew_1885?p=0007			Mein Haus steht auf dem Lande, in einer holzreichen Gegend zwischen einem Kirchdorf und einem kleinen, in breiten Kastanien-Alleen fast vergrabenen Orte, welcher allmälig um einen Gutshof aufgewachsen ist, von beiden kaum zehn Minuten fern.
118	134	21	Novelle	1885	Ein Fest auf Haderslevhuus. Novelle	Theodor Storm	https://www.deutschestextarchiv.de/book/view/storm_riew_1885?p=0107	55.23930	9.37382	Im 14. Jahrhundert in Nordschleswig war es, als dort im tiefen Buchenwalde der Ritter Claus Lembeck auf seiner Höhenfeste Dorning saß.
119	293	40	Novelle	1875	Waldwinkel	Theodor Storm	https://www.deutschestextarchiv.de/book/view/storm_waldwinkel_1875?p=0007	48.19428	12.33655	Ueber dem Dache des Rathhauses, das zugleich die Wohnung des städtischen Bürgermeisters bildete, kreuzten die ersten Schwalben in der Frühjahrssonne; auf der Vorstraße standen die „Bürgermeistersbuben“ und suchten vergebens die Königin der Luft mit den Lehmkugeln ihres Pustrohrs zu erreichen.
120	381	54	Novelle	1875	Pole Poppenspäler	Theodor Storm	https://www.deutschestextarchiv.de/book/view/storm_waldwinkel_1875?p=0119			Ich hatte in meiner Jugend einige Fertigkeit im Drechseln, und beschäftigte mich sogar wohl etwas mehr damit, als meinen gelehrten Studien zuträglich war; wenigstens geschah es, daß mich eines Tags der Subrector bei Rückgabe eines nicht eben fehlerlosen Exercitiums seltsamer Weise fragte, ob ich vielleicht wieder eine Nähschraube zu meiner Schwester Geburtstag gedrechselt hätte.
121	265	34	Novelle	1910	Der Enten-Piet	Walter Tesche	https://www.deutschestextarchiv.de/book/view/tesche_piet_1910?p=0006			Unsern Blick auf einen weiten Landsee in dem wasserreichen Holland richtend, betrachten wir jenen kleinen Nachen, der, von kräftigen Ruderschlägen eines jungen Landmannes getrieben, über den glatten, im Sonnenglanze blendend schimmernden Wasserspiegel dahin fliegt.
122	210	29	Novelle	1910	Des Lebens Überfluß	Ludwig Tieck	https://www.deutschestextarchiv.de/book/view/tieck_ueberfluss_1910?p=0005			In einem der härtesten Winter war gegen Ende des Februar ein sonderbarer Tumult gewesen, über dessen Entstehung, Fortgang und Beruhigung die seltsamsten und widersprechendsten Gerüchte in der Residenz umliefen.
123	145	26	Novelle	1910	Die Gemälde	Ludwig Tieck	https://www.deutschestextarchiv.de/book/view/tieck_gemaelde_1910?p=0013			Treten Sie nur indeß hier in den Bildersaal, sagte der Diener, indem er den jungen Eduard herein ließ, der alte Herr wird gleich zu Ihnen kommen.
124	181	25	Novelle	1910	Scholastika	Alexander von Ungern-Sternberg	https://www.deutschestextarchiv.de/book/view/ungern_scholastika_1910?p=0007	50.45466	30.5238	In der Nähe von Kiew befindet sich ein Nonnenkloster, dessen Bewohnerinnen sämmtlich Malerinnen sind; doch möchten sie schwerlich vor dem Richterstuhle der Kunstkritik Gnade finden.
125	417	58	Novelle	1871	Der tolle Invalide auf dem Fort Ratonneau	Achim von Arnim	https://www.deutschestextarchiv.de/book/view/arnim_invalide_1910?p=0011	43.29695	5.38107	Graf Dürande, der gute alte Commandant von Marseille, saß einsam frierend an einem kalt stürmenden Octoberabende bei dem schlecht eingerichteten Kamine seiner prachtvollen Commandantenwohnung und rückte immer näher und näher zum Feuer, während die Kutschen zu einem großen Balle in der Straße vorüber rollten und sein Kammerdiener Basset, der zugleich sein liebster Gesellschafter war, im Vorzimmer heftig schnarchte.
126	103	14	Novelle	1910	Peter Schlemihl's wundersame Geschichte	Adelbert von Chamisso	https://www.deutschestextarchiv.de/book/view/chamisso_schlemihl_1910?p=0011			Nach einer glücklichen, jedoch für mich sehr beschwerlichen Seefahrt, erreichten wir endlich den Hafen.
127	45	8	Novelle	1910	Der Striethast	Emmy von Dincklage	https://www.deutschestextarchiv.de/book/view/dincklage_striethast_1910?p=0007			Es ist am Abend des Festes Mariä Himmelfahrt.
128	333	51	Novelle	1910	Die Glücksritter	Joseph von Eichendorff	https://www.deutschestextarchiv.de/book/view/eichendorff_gluecksritter_1910?p=0009			Der Abend funkelte über die Felder, eine Reisekutsche fuhr rasch die glänzende Straße entlang, der Staub wirbelte, der Postillon blies, hinten auf dem Wagentritte aber stand vergnügt ein junger Bursch, der im Wandern heimlich aufgestiegen, bald auf den Zehen lang gestreckt, bald sich duckend, damit die im Wagen ihn nicht bemerkten.
129	280	40	Novelle	1910	Eine fromme Lüge	Luise von Gall	https://www.deutschestextarchiv.de/book/view/gall_luege_1910?p=0006	51.96236	7.62571	Fünf Stunden von Münster in Westfalen liegt ein jetzt sehr bescheidenes Dorf, welches noch vor einem halben Jahrhundert ein blühendes Städtchen gewesen ist; denn damals war es der Sommeraufenthalt des geistlichen Landesherrn, des Kurfürsten von Köln und Fürstbischofs von Münster.
130	334	52	Novelle	1910	Reich zu reich und arm zu arm	Claire von Glümer	https://www.deutschestextarchiv.de/book/view/gluemer_arm_1910?p=0009	43.2883	-0.38694	Es hatte gewittert, aber vom Winde getrieben zogen die Wolken ins Land hinaus, und während es noch von allen Zweigen tropfte und die Vögel sich mit lautem Geschrei von dem ausgestandenen Schrecken erzählten, brach die Abendsonne siegreich hervor und blitzte durch das dichte Laubdach der Eichen, die den Platz von Jurançon beschatten.
131	84	12	Novelle	1910	's Muhme-Leutnant-Saloppel	Karl von Holtei	https://www.deutschestextarchiv.de/book/view/holtei_saloppel_1910?p=0006			Lieutenant bei „Treuenfels“ war er gewesen, der Muhme Wawerle ihr verstorbener Mann.
132	254	38	Novelle	1871	Die Verlobung von St. Domingo	Heinrich von Kleist	https://www.deutschestextarchiv.de/book/view/kleist_verlobung_1910?p=0009	18.54349	-72.33881	Zu Port au Prince, auf dem französischen Antheil der Insel St. Domingo, lebte zu Anfang dieses Jahrhunderts, als die Schwarzen die Weißen ermordeten, auf der Pflanzung des Hrn. Guillaume von Villeneuve ein fürchterlicher alter Neger, Namens Congo Hoango.
133	317	44	Novelle	1910	Eure Wege sind nicht meine Wege	Adele Wesemael	https://www.deutschestextarchiv.de/book/view/wild_wege_1910?p=0006			Es mochte gegen das Ende des vergangenen Jahrhunderts sein; die französische Revolution, deren furchtbarer Ausbruch nur wenige Jahre danach erfolgte, kündigte schon hier und da durch verlängerte Stöße der unterwühlten Gesellschaft ihre Annäherung an; da kehrte Graf Thornstein auf seine Güter nach Deutschland zurück.
134	327	47	Novelle	1910	Ansas und Grita	Ernst Wichert	https://www.deutschestextarchiv.de/book/view/wichert_grita_1910?p=0007	56.01246	22.76555	Wanagischken war einmal vor Jahren ein sehr ansehnliches littauisches Dorf mit zwölf oder fünfzehn Bauernhöfen, einer Anzahl Eigenkathen, großer Feldmark, ausgedehnten Wiesen am Fluß, Torfstich in der Nähe des kurischen Haff's und beträchtlichem Antheil an der Haide gegen die russische Grenze hin, die als Weide benutzt wurde.
135	126	19	Novelle	1910	Die katholische Mühle	Adolf Widmann	https://www.deutschestextarchiv.de/book/view/widmann_muehle_1910?p=0009	49.96148	9.76435	Ihr wißt doch, daß ich als Büchsenspanner beim Prinzen Adolph diente, ehe ich mit unserer Gnädigen nach Carlsstadt herüberkam.
136	110	20	Novelle	1910	Johann Ohlerich	Adolph Wilbrandt	https://www.deutschestextarchiv.de/book/view/wilbrandt_ohlerich_1910?p=0007			Es giebt Gegenden, die wir lieben, weil sie schön sind, und Gegenden, die nur schön sind, weil wir sie lieben.
137	222	33	Novelle	1910	Streit in der Liebe und Liebe im Streit	Ottilie Wildermuth	https://www.deutschestextarchiv.de/book/view/wildermuth_streit_1910?p=0010			Mitten im Dorf stand des Schultheißen Haus, an den rothen Jalousieläden und dem zweistöckigen Bau zu unterscheiden von den Bauernhäusern, auch wenn der Herr Schultheiß nicht gerade sein Pfeifchen unter dem Fenster dampfte.
138	137	20	Novelle	1910	Gemüth und Selbstsucht	Margarethe von Wolff	https://www.deutschestextarchiv.de/book/view/wolff_selbstsucht_1910?p=0007	50.11552	8.68417	Am obern Ende eines Tisches, auf welchem das Frühstück geordnet stand, saß Herr Steffano, einer der angesehensten Kaufleute in Frankfurt.
139	275	38	Novelle	1910	Der todte Gast	Heinrich Zschokke	https://www.deutschestextarchiv.de/book/view/zschokke_gast_1910?p=0007			Einer meiner Freunde, er hieß Waldrich, hatte die hohe Schule kaum seit zwei Jahren verlassen und sich in einer Provinzialhauptstadt als überzähliger und unbesoldeter Gerichtsassessor oder dergleichen herumgetrieben, da eben in die Posaune des heiligen Krieges gestoßen ward.
